"StationName","NaptanCode","HubNaptan","Latitude","Longitude","Lift","SameLevel","Interchange","FareZones","Wifi"
"Abbey Wood","910GABWDXR","HUBABW",51.491241,0.121374,6,FALSE,0,"4",FALSE
"Acton Central Rail Station","910GACTNCTL","",51.508716,-0.262971,0,FALSE,2,"3",TRUE
"Acton Main Line Rail Station","910GACTONML","",51.51718,-0.266756,2,FALSE,0,"3",FALSE
"Acton Town Underground Station","940GZZLUACT","",51.503057,-0.280462,2,FALSE,1,"3",TRUE
"Aldgate East Underground Station","940GZZLUADE","",51.515037,-0.072384,0,FALSE,2,"1",TRUE
"Aldgate Underground Station","940GZZLUALD","",51.514246,-0.075689,0,FALSE,0,"1",TRUE
"Alperton Underground Station","940GZZLUALP","",51.540627,-0.29961,0,FALSE,0,"4",TRUE
"Amersham Underground Station","940GZZLUAMS","HUBAMR",51.674126,-0.607714,2,FALSE,0,"9",TRUE
"Anerley Rail Station","910GANERLEY","",51.412153,-0.065886,0,FALSE,2,"4",TRUE
"Angel Underground Station","940GZZLUAGL","",51.532624,-0.105898,0,FALSE,0,"1",TRUE
"Archway Underground Station","940GZZLUACY","",51.565478,-0.134819,0,FALSE,0,"2|3",TRUE
"Arnos Grove Underground Station","940GZZLUASG","",51.616446,-0.133062,0,FALSE,0,"4",TRUE
"Arsenal Underground Station","940GZZLUASL","",51.558655,-0.107457,0,FALSE,0,"2",TRUE
"Baker Street Underground Station","940GZZLUBST","",51.522883,-0.15713,0,FALSE,0,"1",TRUE
"Balham Underground Station","940GZZLUBLM","HUBBAL",51.443288,-0.152997,1,FALSE,0,"3",TRUE
"Bank Underground Station","940GZZLUBNK","HUBBAN",51.513132,-0.090047,10,FALSE,0,"1",TRUE
"Barbican Underground Station","940GZZLUBBN","",51.520275,-0.097993,2,FALSE,0,"1",TRUE
"Barking Rail Station","910GBARKING","HUBBKG",51.539495,0.080903,1,FALSE,1,"4",TRUE
"Barking Riverside","910GBKRVS","",51.51953,0.11596,2,FALSE,0,"4",TRUE
"Barking Underground Station","940GZZLUBKG","HUBBKG",51.539321,0.081053,1,FALSE,1,"4",TRUE
"Barkingside Underground Station","940GZZLUBKE","",51.585689,0.088585,0,FALSE,0,"4",TRUE
"Barons Court Underground Station","940GZZLUBSC","",51.490311,-0.213427,0,FALSE,0,"2",TRUE
"Battersea Power Station Underground Station","940GZZBPSUST","",51.479932,-0.142142,4,FALSE,0,"1",TRUE
"Bayswater Underground Station","940GZZLUBWT","",51.512284,-0.187938,0,FALSE,0,"1",TRUE
"Becontree Underground Station","940GZZLUBEC","",51.540331,0.127016,0,FALSE,0,"5",TRUE
"Belsize Park Underground Station","940GZZLUBZP","",51.550529,-0.164783,0,FALSE,0,"2",TRUE
"Bermondsey Underground Station","940GZZLUBMY","",51.49775,-0.063993,1,FALSE,0,"2",TRUE
"Bethnal Green Rail Station","910GBTHNLGR","",51.523917,-0.059568,0,FALSE,0,"2",TRUE
"Bethnal Green Underground Station","940GZZLUBLG","",51.527222,-0.055506,0,FALSE,0,"2",TRUE
"Blackfriars Underground Station","940GZZLUBKF","HUBBFR",51.511581,-0.103659,6,FALSE,1,"1",TRUE
"Blackhorse Road Rail Station","910GBLCHSRD","HUBBHO",51.586605,-0.041236,2,FALSE,0,"3",TRUE
"Blackhorse Road Underground Station","940GZZLUBLR","HUBBHO",51.586919,-0.04115,2,FALSE,0,"3",TRUE
"Bond Street","910GBONDST","HUBBDS",51.51369,-0.149517,6,FALSE,0,"1",FALSE
"Bond Street Underground Station","940GZZLUBND","HUBBDS",51.514304,-0.149723,6,FALSE,0,"1",FALSE
"Borough Underground Station","940GZZLUBOR","",51.501199,-0.09337,2,FALSE,0,"1",TRUE
"Boston Manor Underground Station","940GZZLUBOS","",51.495635,-0.324939,0,FALSE,0,"4",TRUE
"Bounds Green Underground Station","940GZZLUBDS","",51.607034,-0.124235,0,FALSE,0,"3|4",TRUE
"Bow Road Underground Station","940GZZLUBWR","",51.52694,-0.025128,0,FALSE,0,"2",FALSE
"Brent Cross Underground Station","940GZZLUBTX","",51.57665,-0.213622,0,FALSE,0,"3",TRUE
"Brentwood Rail Station","910GBRTWOOD","",51.613605,0.299586,2,FALSE,0,"9",TRUE
"Brixton Underground Station","940GZZLUBXN","HUBBRX",51.462618,-0.114888,2,FALSE,0,"2",TRUE
"Brockley Rail Station","910GBROCKLY","",51.464649,-0.037537,1,FALSE,2,"2",TRUE
"Bromley-by-Bow Underground Station","940GZZLUBBB","",51.524839,-0.011538,2,FALSE,2,"2|3",TRUE
"Brondesbury Park Rail Station","910GBRBYPK","",51.540734,-0.210054,0,FALSE,0,"2",FALSE
"Brondesbury Rail Station","910GBRBY","",51.545166,-0.202309,0,FALSE,0,"2",TRUE
"Bruce Grove Rail Station","910GBRUCGRV","",51.593959,-0.069867,0,FALSE,0,"3",TRUE
"Buckhurst Hill Underground Station","940GZZLUBKH","",51.626605,0.046757,0,FALSE,0,"5",TRUE
"Burnham (Berks) Rail Station","910GBNHAM","",51.523506,-0.646374,1,FALSE,0,"Outside",FALSE
"Burnt Oak Underground Station","940GZZLUBTK","",51.602774,-0.264048,0,FALSE,0,"4",TRUE
"Bush Hill Park Rail Station","910GBHILLPK","",51.641519,-0.069221,0,FALSE,2,"5",TRUE
"Bushey Rail Station","910GBUSHEY","HUBBSH",51.645582,-0.384749,0,FALSE,0,"8",FALSE
"Bushey Rail Station","910GBUSHYDC","HUBBSH",51.645691,-0.385612,0,FALSE,0,"8",FALSE
"Caledonian Road & Barnsbury Rail Station","910GCLDNNRB","",51.543041,-0.116729,1,FALSE,0,"2",FALSE
"Caledonian Road Underground Station","940GZZLUCAR","",51.548519,-0.118493,2,FALSE,0,"2",TRUE
"Cambridge Heath (London) Rail Station","910GCAMHTH","",51.531973,-0.057279,0,FALSE,0,"2",FALSE
"Camden Road Rail Station","910GCMDNRD","",51.541791,-0.138701,2,FALSE,0,"2",TRUE
"Camden Town Underground Station","940GZZLUCTN","",51.539292,-0.14274,0,FALSE,0,"2",TRUE
"Canada Water Rail Station","910GCNDAW","HUBZCW",51.49799,-0.04972,3,FALSE,0,"2",TRUE
"Canada Water Underground Station","940GZZLUCWR","HUBZCW",51.497931,-0.049405,3,FALSE,0,"2",TRUE
"Canary Wharf","910GCANWHRF","HUBCAW",51.506321,-0.018815,10,FALSE,0,"2",TRUE
"Canary Wharf Underground Station","940GZZLUCYF","HUBCAW",51.503488,-0.018246,10,FALSE,0,"2",TRUE
"Canning Town Underground Station","940GZZLUCGT","HUBCAN",51.513584,0.008322,4,FALSE,0,"2|3",TRUE
"Cannon Street Underground Station","940GZZLUCST","HUBCST",51.51151,-0.090432,2,FALSE,1,"1",TRUE
"Canonbury Rail Station","910GCNNB","",51.548732,-0.092191,3,FALSE,0,"2",FALSE
"Canons Park Underground Station","940GZZLUCPK","",51.607701,-0.294693,0,FALSE,0,"5",TRUE
"Carpenders Park Rail Station","910GCRPNDPK","",51.628351,-0.385939,0,FALSE,0,"7",TRUE
"Chadwell Heath Rail Station","910GCHDWLHT","",51.568039,0.128958,3,FALSE,0,"5",FALSE
"Chalfont & Latimer Underground Station","940GZZLUCAL","HUBCFO",51.667985,-0.560689,0,FALSE,0,"8",TRUE
"Chalk Farm Underground Station","940GZZLUCFM","",51.544118,-0.153388,0,FALSE,0,"2",TRUE
"Chancery Lane Underground Station","940GZZLUCHL","",51.518247,-0.111583,0,FALSE,0,"1",TRUE
"Charing Cross Underground Station","940GZZLUCHX","HUBCHX",51.50741,-0.127277,0,FALSE,0,"1",TRUE
"Chesham Underground Station","940GZZLUCSM","",51.705208,-0.611247,0,TRUE,0,"9",TRUE
"Cheshunt Rail Station","910GCHESHNT","",51.702876,-0.02396,0,FALSE,0,"8",TRUE
"Chigwell Underground Station","940GZZLUCWL","",51.617916,0.075041,0,FALSE,0,"4",TRUE
"Chingford Rail Station","910GCHINGFD","",51.633087,0.009897,0,TRUE,0,"5",TRUE
"Chiswick Park Underground Station","940GZZLUCWP","",51.494627,-0.267972,0,FALSE,0,"3",TRUE
"Chorleywood Underground Station","940GZZLUCYD","HUBCLW",51.654358,-0.518461,0,FALSE,0,"7",TRUE
"Clapham Common Underground Station","940GZZLUCPC","",51.461742,-0.138317,0,FALSE,0,"2",TRUE
"Clapham High Street Rail Station","910GCLPHHS","",51.465481,-0.132522,0,FALSE,0,"2",FALSE
"Clapham Junction Rail Station","910GCLPHMJ1","HUBCLJ",51.464187,-0.170221,2,FALSE,0,"2",FALSE
"Clapham Junction Rail Station","910GCLPHMJC","HUBCLJ",51.464188,-0.170293,2,FALSE,0,"2",FALSE
"Clapham North Underground Station","940GZZLUCPN","",51.465135,-0.130016,0,FALSE,0,"2",TRUE
"Clapham South Underground Station","940GZZLUCPS","",51.452654,-0.147582,0,FALSE,0,"2|3",TRUE
"Clapton Rail Station","910GCLAPTON","",51.561644,-0.057025,0,FALSE,0,"2|3",TRUE
"Cockfosters Underground Station","940GZZLUCKS","",51.65152,-0.149171,1,FALSE,0,"5",TRUE
"Colindale Underground Station","940GZZLUCND","",51.595424,-0.249919,0,FALSE,0,"4",TRUE
"Colliers Wood Underground Station","940GZZLUCSD","",51.41816,-0.178086,0,FALSE,0,"3",TRUE
"Covent Garden Underground Station","940GZZLUCGN","",51.513093,-0.124436,0,FALSE,0,"1",TRUE
"Crouch Hill Rail Station","910GCROUCHH","",51.571302,-0.117149,0,FALSE,0,"3",FALSE
"Croxley Underground Station","940GZZLUCXY","",51.647044,-0.441718,0,FALSE,0,"7",TRUE
"Crystal Palace Rail Station","910GCRYSTLP","HUBCYP",51.418109,-0.07261,3,FALSE,0,"3|4",FALSE
"Custom House Rail Station","910GCUSTMHS","HUBCUS",51.509835,0.02656,4,FALSE,0,"3",FALSE
"Dagenham East Underground Station","940GZZLUDGE","",51.544096,0.166017,0,FALSE,0,"5",TRUE
"Dagenham Heathway Underground Station","940GZZLUDGY","",51.541639,0.147527,0,FALSE,0,"5",TRUE
"Dalston Junction Rail Station","910GDALS","",51.546116,-0.075137,1,FALSE,0,"2",FALSE
"Dalston Kingsland Rail Station","910GDALSKLD","",51.548148,-0.075701,0,FALSE,0,"2",FALSE
"Debden Underground Station","940GZZLUDBN","",51.645386,0.083782,2,FALSE,0,"6",TRUE
"Denmark Hill Rail Station","910GDENMRKH","",51.468203,-0.089361,3,FALSE,0,"2",TRUE
"Dollis Hill Underground Station","940GZZLUDOH","",51.551955,-0.239068,0,FALSE,0,"3",FALSE
"Ealing Broadway Rail Station","910GEALINGB","HUBEAL",51.514841,-0.301752,4,FALSE,0,"3",TRUE
"Ealing Broadway Underground Station","940GZZLUEBY","HUBEAL",51.515017,-0.301457,4,FALSE,0,"3",TRUE
"Ealing Common Underground Station","940GZZLUECM","",51.51014,-0.288265,0,FALSE,2,"3",TRUE
"Earl's Court Underground Station","940GZZLUECT","",51.492063,-0.193378,4,FALSE,0,"1|2",TRUE
"East Acton Underground Station","940GZZLUEAN","",51.516612,-0.247248,0,FALSE,0,"2",TRUE
"East Finchley Underground Station","940GZZLUEFY","",51.587131,-0.165012,0,FALSE,0,"3",TRUE
"East Ham Underground Station","940GZZLUEHM","",51.538948,0.051186,2,FALSE,2,"3|4",TRUE
"East Putney Underground Station","940GZZLUEPY","",51.459205,-0.211,0,FALSE,0,"2|3",TRUE
"Eastcote Underground Station","940GZZLUEAE","",51.576506,-0.397373,0,FALSE,0,"5",FALSE
"Edgware Road (Bakerloo) Underground Station","940GZZLUERB","",51.520299,-0.17015,0,FALSE,0,"1",TRUE
"Edgware Road (Circle Line) Underground Station","940GZZLUERC","",51.519858,-0.167832,0,FALSE,1,"1",TRUE
"Edgware Underground Station","940GZZLUEGW","",51.613653,-0.274928,2,FALSE,0,"5",TRUE
"Edmonton Green Rail Station","910GEDMNGRN","",51.624929,-0.061112,2,FALSE,0,"4",TRUE
"Elephant & Castle Underground Station","940GZZLUEAC","HUBEPH",51.494536,-0.100606,2,FALSE,0,"1|2",TRUE
"Elm Park Underground Station","940GZZLUEPK","",51.549775,0.19864,0,FALSE,0,"6",TRUE
"Embankment Underground Station","940GZZLUEMB","",51.507058,-0.122666,0,FALSE,0,"1",TRUE
"Emerson Park Rail Station","910GEMRSPKH","",51.568642,0.220113,0,FALSE,0,"6",FALSE
"Enfield Town Rail Station","910GENFLDTN","",51.652026,-0.079328,0,TRUE,0,"5",TRUE
"Epping Underground Station","940GZZLUEPG","",51.69368,0.113767,0,FALSE,2,"6",TRUE
"Euston Square Underground Station","940GZZLUESQ","",51.525604,-0.135829,2,FALSE,1,"1",TRUE
"Euston Underground Station","940GZZLUEUS","HUBEUS",51.528055,-0.132182,0,FALSE,0,"1",TRUE
"Fairlop Underground Station","940GZZLUFLP","",51.595618,0.091004,0,FALSE,0,"4",TRUE
"Farringdon","910GFRNDXR","HUBZFD",51.519961,-0.103051,8,FALSE,1,"1",FALSE
"Farringdon Underground Station","940GZZLUFCN","HUBZFD",51.520252,-0.104913,8,FALSE,1,"1",FALSE
"Finchley Central Underground Station","940GZZLUFYC","",51.600921,-0.192527,2,FALSE,0,"4",TRUE
"Finchley Road & Frognal Rail Station","910GFNCHLYR","",51.550266,-0.183141,0,FALSE,0,"2",TRUE
"Finchley Road Underground Station","940GZZLUFYR","",51.546825,-0.179845,0,FALSE,0,"2",FALSE
"Finsbury Park Underground Station","940GZZLUFPK","HUBFPK",51.564158,-0.106825,5,FALSE,0,"2",TRUE
"Forest Gate Rail Station","910GFRSTGT","",51.549432,0.024353,3,FALSE,0,"3",FALSE
"Forest Hill Rail Station","910GFORESTH","",51.43928,-0.053157,2,FALSE,0,"3",FALSE
"Fulham Broadway Underground Station","940GZZLUFBY","",51.480081,-0.195422,2,FALSE,0,"2",TRUE
"Gants Hill Underground Station","940GZZLUGTH","",51.576544,0.066185,0,FALSE,0,"4",TRUE
"Gidea Park Rail Station","910GGIDEAPK","",51.581904,0.205964,3,FALSE,0,"6",TRUE
"Gloucester Road Underground Station","940GZZLUGTR","",51.494316,-0.182658,0,FALSE,0,"1",TRUE
"Golders Green Underground Station","940GZZLUGGN","",51.572259,-0.194039,2,FALSE,0,"3",TRUE
"Goldhawk Road Underground Station","940GZZLUGHK","",51.502005,-0.226715,0,FALSE,0,"2",TRUE
"Goodge Street Underground Station","940GZZLUGDG","",51.520599,-0.134361,0,FALSE,0,"1",TRUE
"Goodmayes Rail Station","910GGODMAYS","",51.565579,0.110807,2,FALSE,0,"4",TRUE
"Gospel Oak Rail Station","910GGOSPLOK","",51.555335,-0.15077,2,FALSE,0,"2",TRUE
"Grange Hill Underground Station","940GZZLUGGH","",51.613378,0.092066,0,FALSE,0,"4",TRUE
"Great Portland Street Underground Station","940GZZLUGPS","",51.52384,-0.144262,0,FALSE,0,"1",TRUE
"Green Park Underground Station","940GZZLUGPK","",51.506947,-0.142787,5,FALSE,2,"1",TRUE
"Greenford Underground Station","940GZZLUGFD","HUBGFD",51.542424,-0.34605,1,FALSE,0,"4",TRUE
"Gunnersbury Rail Station","910GGNRSBRY","HUBGUN",51.491678,-0.275286,0,FALSE,2,"3",FALSE
"Gunnersbury Underground Station","940GZZLUGBY","HUBGUN",51.491803,-0.275267,0,FALSE,2,"3",FALSE
"Hackney Central Rail Station","910GHACKNYC","",51.547105,-0.056058,2,FALSE,2,"2",TRUE
"Hackney Downs Rail Station","910GHAKNYNM","",51.548757,-0.060819,1,FALSE,2,"2",TRUE
"Hackney Wick Rail Station","910GHACKNYW","",51.54341,-0.02492,2,FALSE,0,"2",FALSE
"Haggerston Rail Station","910GHAGGERS","",51.538705,-0.075666,2,FALSE,0,"2",FALSE
"Hainault Underground Station","940GZZLUHLT","",51.603659,0.093482,3,FALSE,0,"4",TRUE
"Hammersmith (Dist&Picc Line) Underground Station","940GZZLUHSD","HUBHMS",51.4923,-0.22362,2,FALSE,2,"2",TRUE
"Hammersmith (H&C Line) Underground Station","940GZZLUHSC","HUBHMS",51.49339,-0.22503,2,FALSE,2,"2",TRUE
"Hampstead Heath Rail Station","910GHMPSTDH","",51.55521,-0.165705,2,FALSE,0,"2",TRUE
"Hampstead Underground Station","940GZZLUHTD","",51.556239,-0.177464,0,FALSE,0,"2|3",TRUE
"Hanger Lane Underground Station","940GZZLUHGR","",51.530177,-0.292704,0,FALSE,0,"3",FALSE
"Hanwell Rail Station","910GHANWELL","",51.511835,-0.338583,2,FALSE,0,"4",FALSE
"Harlesden Rail Station","910GHARLSDN","HUBHDN",51.536289,-0.257667,0,FALSE,0,"3",TRUE
"Harlesden Underground Station","940GZZLUHSN","HUBHDN",51.53631,-0.257883,0,FALSE,0,"3",TRUE
"Harold Wood Rail Station","910GHRLDWOD","",51.592766,0.233129,3,FALSE,0,"6",FALSE
"Harringay Green Lanes Rail Station","910GHRGYGL","",51.577182,-0.098144,0,FALSE,2,"3",FALSE
"Harrow & Wealdstone Rail Station","910GHROW","HUBHRW",51.592169,-0.334571,4,FALSE,2,"5",TRUE
"Harrow & Wealdstone Underground Station","940GZZLUHAW","HUBHRW",51.592268,-0.335217,4,FALSE,2,"5",TRUE
"Harrow-on-the-Hill Underground Station","940GZZLUHOH","HUBHOH",51.579195,-0.337225,4,FALSE,2,"5",TRUE
"Hatch End Rail Station","910GHTCHEND","",51.609417,-0.368601,0,FALSE,0,"6",FALSE
"Hatton Cross Underground Station","940GZZLUHNX","",51.466747,-0.423191,0,FALSE,0,"5|6",TRUE
"Hayes & Harlington Rail Station","910GHAYESAH","",51.503096,-0.420683,4,FALSE,0,"5",FALSE
"Headstone Lane Rail Station","910GHEDSTNL","",51.602649,-0.35722,0,FALSE,0,"5",TRUE
"Heathrow Terminal 4 Rail Station","910GHTRWTM4","HUBHX4",51.458268,-0.445463,2,FALSE,0,"6",TRUE
"Heathrow Terminal 4 Underground Station","940GZZLUHR4","HUBHX4",51.458524,-0.445771,2,FALSE,0,"6",TRUE
"Heathrow Terminal 5 Rail Station","910GHTRWTM5","HUBHX5",51.470053,-0.490589,2,FALSE,0,"6",FALSE
"Heathrow Terminal 5 Underground Station","940GZZLUHR5","HUBHX5",51.470052,-0.49056,2,FALSE,0,"6",FALSE
"Heathrow Terminals 2 & 3 Rail Station","910GHTRWAPT","HUBH13",51.471987,-0.454788,2,FALSE,0,"6",TRUE
"Heathrow Terminals 2 & 3 Underground Station","940GZZLUHRC","HUBH13",51.471235,-0.452265,2,FALSE,0,"6",TRUE
"Hendon Central Underground Station","940GZZLUHCL","",51.583301,-0.226424,1,FALSE,0,"3|4",TRUE
"High Barnet Underground Station","940GZZLUHBT","",51.650541,-0.194298,0,FALSE,0,"5",TRUE
"High Street Kensington Underground Station","940GZZLUHSK","",51.501055,-0.192792,0,FALSE,0,"1",TRUE
"Highams Park Rail Station","910GHGHMSPK","",51.60835,-0.000222,0,FALSE,2,"4",TRUE
"Highbury & Islington Rail Station","910GHGHI","HUBHHY",51.546177,-0.103764,3,FALSE,0,"2",TRUE
"Highbury & Islington Underground Station","940GZZLUHAI","HUBHHY",51.54635,-0.103324,3,FALSE,0,"2",TRUE
"Highgate Underground Station","940GZZLUHGT","",51.577532,-0.145857,0,FALSE,0,"3",TRUE
"Hillingdon Underground Station","940GZZLUHGD","",51.553715,-0.449828,2,FALSE,2,"6",TRUE
"Holborn Underground Station","940GZZLUHBN","",51.51758,-0.120475,0,FALSE,0,"1",TRUE
"Holland Park Underground Station","940GZZLUHPK","",51.507143,-0.205679,0,FALSE,0,"2",TRUE
"Holloway Road Underground Station","940GZZLUHWY","",51.552697,-0.113244,0,FALSE,0,"2",TRUE
"Homerton Rail Station","910GHOMRTON","",51.547012,-0.04236,0,FALSE,0,"2",TRUE
"Honor Oak Park Rail Station","910GHONROPK","",51.449989,-0.045505,2,FALSE,0,"3",TRUE
"Hornchurch Underground Station","940GZZLUHCH","",51.554093,0.219116,0,FALSE,0,"6",TRUE
"Hounslow Central Underground Station","940GZZLUHWC","",51.471295,-0.366578,0,FALSE,0,"4",TRUE
"Hounslow East Underground Station","940GZZLUHWE","",51.473213,-0.356474,2,FALSE,0,"4",TRUE
"Hounslow West Underground Station","940GZZLUHWT","",51.473469,-0.386544,1,FALSE,0,"5",TRUE
"Hoxton Rail Station","910GHOXTON","",51.531512,-0.075681,2,FALSE,0,"1|2",FALSE
"Hyde Park Corner Underground Station","940GZZLUHPC","",51.503035,-0.152441,0,FALSE,0,"1",TRUE
"Ickenham Underground Station","940GZZLUICK","",51.561992,-0.442001,2,FALSE,2,"6",TRUE
"Ilford Rail Station","910GILFORD","",51.559118,0.06968,3,FALSE,0,"4",FALSE
"Imperial Wharf Rail Station","910GCSEAH","HUBIMP",51.474949,-0.182823,2,FALSE,0,"2",FALSE
"Iver Rail Station","910GIVER","",51.508503,-0.506726,3,FALSE,0,"Outside",FALSE
"Kennington Underground Station","940GZZLUKNG","",51.488337,-0.105963,0,FALSE,0,"1|2",TRUE
"Kensal Green Rail Station","910GKENSLG","HUBKNL",51.53054,-0.225088,0,FALSE,0,"2",FALSE
"Kensal Green Underground Station","940GZZLUKSL","HUBKNL",51.530539,-0.225016,0,FALSE,0,"2",FALSE
"Kensal Rise Rail Station","910GKENR","",51.534554,-0.219957,1,FALSE,2,"2",TRUE
"Kensington (Olympia) Rail Station","910GKENOLYM","HUBKPA",51.497899,-0.210364,0,FALSE,2,"2",TRUE
"Kensington (Olympia) Underground Station","940GZZLUKOY","HUBKPA",51.497624,-0.210015,0,FALSE,2,"2",TRUE
"Kentish Town Underground Station","940GZZLUKSH","HUBKTN",51.550312,-0.140733,0,FALSE,0,"2",TRUE
"Kentish Town West Rail Station","910GKNTSHTW","",51.546548,-0.146655,0,FALSE,0,"2",FALSE
"Kenton Rail Station","910GKTON","HUBKNT",51.581802,-0.316981,0,FALSE,0,"4",TRUE
"Kenton Underground Station","940GZZLUKEN","HUBKNT",51.581756,-0.31691,0,FALSE,0,"4",TRUE
"Kew Gardens Rail Station","910GKEWGRDN","HUBKWG",51.477073,-0.285054,0,FALSE,2,"3|4",TRUE
"Kew Gardens Underground Station","940GZZLUKWG","HUBKWG",51.477058,-0.285241,0,FALSE,2,"3|4",TRUE
"Kilburn High Road Rail Station","910GKLBRNHR","",51.537277,-0.192237,0,FALSE,0,"2",TRUE
"Kilburn Park Underground Station","940GZZLUKPK","",51.534979,-0.194232,0,FALSE,0,"2",TRUE
"Kilburn Underground Station","940GZZLUKBN","",51.547183,-0.204248,1,FALSE,0,"2",TRUE
"King's Cross St. Pancras Underground Station","940GZZLUKSX","HUBKGX",51.530663,-0.123194,13,FALSE,1,"1",TRUE
"Kingsbury Underground Station","940GZZLUKBY","",51.584845,-0.27879,2,FALSE,0,"4",TRUE
"Knightsbridge Underground Station","940GZZLUKNB","",51.501669,-0.160508,3,FALSE,0,"1",TRUE
"Ladbroke Grove Underground Station","940GZZLULAD","",51.517449,-0.210391,0,FALSE,0,"2",TRUE
"Lambeth North Underground Station","940GZZLULBN","",51.498808,-0.112315,0,FALSE,0,"1",TRUE
"Lancaster Gate Underground Station","940GZZLULGT","",51.511723,-0.175494,0,FALSE,0,"1",TRUE
"Langley (Berks) Rail Station","910GLANGLEY","",51.508062,-0.541756,3,FALSE,0,"Outside",FALSE
"Latimer Road Underground Station","940GZZLULRD","",51.513389,-0.217799,0,FALSE,0,"2",TRUE
"Leicester Square Underground Station","940GZZLULSQ","",51.511386,-0.128426,0,FALSE,0,"1",TRUE
"Leyton Midland Road Rail Station","910GLEYTNMR","",51.569725,-0.008051,0,FALSE,0,"3",TRUE
"Leyton Underground Station","940GZZLULYN","",51.556589,-0.005523,0,FALSE,0,"3",TRUE
"Leytonstone High Road Rail Station","910GLYTNSHR","",51.563554,0.008416,0,FALSE,0,"3",FALSE
"Leytonstone Underground Station","940GZZLULYS","",51.568324,0.008194,0,FALSE,0,"3|4",TRUE
"Liverpool Street","910GLIVSTLL","HUBLST",51.517721,-0.082043,4,FALSE,1,"1",TRUE
"Liverpool Street Underground Station","940GZZLULVT","HUBLST",51.517372,-0.083182,4,FALSE,1,"1",TRUE
"London Bridge Underground Station","940GZZLULNB","HUBLBG",51.505721,-0.088873,5,FALSE,2,"1",TRUE
"London Euston Rail Station","910GEUSTON","HUBEUS",51.528136,-0.133924,0,FALSE,0,"1",TRUE
"London Fields Rail Station","910GLONFLDS","",51.541153,-0.057753,0,FALSE,0,"2",TRUE
"London Liverpool Street Rail Station","910GLIVST","HUBLST",51.517991,-0.081426,4,FALSE,1,"1",TRUE
"London Paddington Rail Station","910GPADTON","HUBPAD",51.515996,-0.176174,10,FALSE,1,"1",TRUE
"Loughton Underground Station","940GZZLULGN","",51.641443,0.055476,0,FALSE,0,"6",TRUE
"Maida Vale Underground Station","940GZZLUMVL","",51.529777,-0.185758,0,FALSE,0,"2",TRUE
"Maidenhead Rail Station","910GMDNHEAD","",51.518669,-0.72266,2,FALSE,0,"Outside",TRUE
"Manor House Underground Station","940GZZLUMRH","",51.570738,-0.096118,0,FALSE,0,"2|3",TRUE
"Manor Park Rail Station","910GMANRPK","",51.552477,0.046342,3,FALSE,0,"3|4",TRUE
"Mansion House Underground Station","940GZZLUMSH","",51.512117,-0.094009,0,FALSE,0,"1",TRUE
"Marble Arch Underground Station","940GZZLUMBA","",51.513424,-0.158953,0,FALSE,0,"1",TRUE
"Maryland Rail Station","910GMRYLAND","",51.546081,0.005815,3,FALSE,0,"3",TRUE
"Marylebone Underground Station","940GZZLUMYB","HUBMYB",51.522322,-0.163207,0,FALSE,0,"1",TRUE
"Mile End Underground Station","940GZZLUMED","",51.525122,-0.03364,0,FALSE,1,"2",TRUE
"Mill Hill East Underground Station","940GZZLUMHL","",51.608229,-0.209986,1,FALSE,0,"4",TRUE
"Monument Underground Station","940GZZLUMMT","",51.5107,-0.085969,0,FALSE,0,"1",TRUE
"Moor Park Underground Station","940GZZLUMPK","",51.629845,-0.432454,0,FALSE,0,"6|7",TRUE
"Moorgate Underground Station","940GZZLUMGT","HUBZMG",51.518176,-0.088322,4,FALSE,0,"1",FALSE
"Morden Underground Station","940GZZLUMDN","",51.402142,-0.194839,2,FALSE,0,"4",TRUE
"Mornington Crescent Underground Station","940GZZLUMTC","",51.534679,-0.138789,0,FALSE,0,"2",TRUE
"Neasden Underground Station","940GZZLUNDN","",51.553986,-0.249837,0,FALSE,0,"3",TRUE
"New Cross ELL Rail Station","910GNWCRELL","HUBNWX",51.476344,-0.032441,0,FALSE,0,"2",FALSE
"New Cross Gate Rail Station","910GNEWXGTE","HUBNXG",51.475128,-0.040399,2,FALSE,0,"2",FALSE
"Newbury Park Underground Station","940GZZLUNBP","",51.575726,0.090004,2,FALSE,0,"4",TRUE
"Nine Elms Underground Station","940GZZNEUGST","",51.479912,-0.128476,1,FALSE,0,"1",TRUE
"North Acton Underground Station","940GZZLUNAN","",51.523524,-0.259755,0,FALSE,0,"2|3",TRUE
"North Ealing Underground Station","940GZZLUNEN","",51.517505,-0.288868,0,FALSE,0,"3",TRUE
"North Greenwich Underground Station","940GZZLUNGW","HUBNGW",51.50047,0.004287,3,FALSE,0,"2|3",TRUE
"North Harrow Underground Station","940GZZLUNHA","",51.584872,-0.362408,0,FALSE,0,"5",TRUE
"North Wembley Rail Station","910GNWEMBLY","HUBNWB",51.562596,-0.303984,0,FALSE,0,"4",FALSE
"North Wembley Underground Station","940GZZLUNWY","HUBNWB",51.562551,-0.304,0,FALSE,0,"4",FALSE
"Northfields Underground Station","940GZZLUNFD","",51.499319,-0.314719,0,FALSE,0,"3",TRUE
"Northolt Underground Station","940GZZLUNHT","",51.548236,-0.368699,0,FALSE,0,"5",TRUE
"Northwick Park Underground Station","940GZZLUNKP","",51.578481,-0.318056,0,FALSE,0,"4",TRUE
"Northwood Hills Underground Station","940GZZLUNWH","",51.600572,-0.409464,0,FALSE,0,"6",TRUE
"Northwood Underground Station","940GZZLUNOW","",51.611053,-0.423829,0,FALSE,0,"6",TRUE
"Norwood Junction Rail Station","910GNORWDJ","HUBNWD",51.397019,-0.075221,0,FALSE,0,"4",FALSE
"Notting Hill Gate Underground Station","940GZZLUNHG","",51.509128,-0.196104,0,FALSE,0,"1|2",TRUE
"Oakwood Underground Station","940GZZLUOAK","",51.647726,-0.132182,1,FALSE,0,"5",TRUE
"Old Street Underground Station","940GZZLUODS","HUBOLD",51.525864,-0.08777,0,FALSE,0,"1",TRUE
"Osterley Underground Station","940GZZLUOSY","",51.481274,-0.352224,2,FALSE,0,"4",TRUE
"Oval Underground Station","940GZZLUOVL","",51.48185,-0.112439,0,FALSE,0,"2",TRUE
"Oxford Circus Underground Station","940GZZLUOXC","",51.515224,-0.141903,0,FALSE,0,"1",TRUE
"Paddington","910GPADTLL","HUBPAD",51.516449,-0.177107,10,FALSE,1,"1",TRUE
"Paddington (H&C Line)-Underground","940GZZLUPAH","HUBPAD",51.518187,-0.178306,10,FALSE,1,"1",TRUE
"Paddington Underground Station","940GZZLUPAC","HUBPAD",51.516581,-0.175689,10,FALSE,1,"1",TRUE
"Park Royal Underground Station","940GZZLUPKR","",51.527123,-0.284341,0,FALSE,0,"3",TRUE
"Parsons Green Underground Station","940GZZLUPSG","",51.475277,-0.20117,0,FALSE,0,"2",TRUE
"Peckham Rye Rail Station","910GPCKHMRY","",51.470034,-0.069414,0,FALSE,0,"2",FALSE
"Penge West Rail Station","910GPENEW","",51.417555,-0.06084,0,FALSE,0,"4",TRUE
"Perivale Underground Station","940GZZLUPVL","",51.536717,-0.323446,0,FALSE,0,"4",TRUE
"Piccadilly Circus Underground Station","940GZZLUPCC","",51.51005,-0.133798,0,FALSE,0,"1",TRUE
"Pimlico Underground Station","940GZZLUPCO","",51.489097,-0.133761,0,FALSE,0,"1",TRUE
"Pinner Underground Station","940GZZLUPNR","",51.592901,-0.381161,2,FALSE,0,"5",TRUE
"Plaistow Underground Station","940GZZLUPLW","",51.531341,0.017451,0,FALSE,0,"3",TRUE
"Preston Road Underground Station","940GZZLUPRD","",51.571972,-0.295107,0,FALSE,0,"4",TRUE
"Putney Bridge Underground Station","940GZZLUPYB","",51.468262,-0.208731,0,FALSE,0,"2",FALSE
"Queen's Park Underground Station","940GZZLUQPS","HUBQPW",51.534158,-0.204574,0,FALSE,0,"2",TRUE
"Queens Park (London) Rail Station","910GQPRK","HUBQPW",51.533966,-0.204985,0,FALSE,0,"2",TRUE
"Queens Road Peckham Rail Station","910GPCKHMQD","",51.473566,-0.057313,1,FALSE,0,"2",TRUE
"Queensbury Underground Station","940GZZLUQBY","",51.594188,-0.286219,0,FALSE,0,"4",TRUE
"Queensway Underground Station","940GZZLUQWY","",51.510312,-0.187152,0,FALSE,0,"1",TRUE
"Ravenscourt Park Underground Station","940GZZLURVP","",51.494122,-0.235881,0,FALSE,0,"2",TRUE
"Rayners Lane Underground Station","940GZZLURYL","",51.575147,-0.371127,0,FALSE,2,"5",TRUE
"Reading Rail Station","910GRDNGSTN","",51.458786,-0.971863,5,FALSE,0,"Outside",FALSE
"Rectory Road Rail Station","910GRCTRYRD","",51.558502,-0.068267,0,FALSE,0,"2",TRUE
"Redbridge Underground Station","940GZZLURBG","",51.576243,0.04536,0,FALSE,0,"4",TRUE
"Regent's Park Underground Station","940GZZLURGP","",51.523344,-0.146444,0,FALSE,0,"1",TRUE
"Richmond (London) Rail Station","910GRICHMND","HUBRMD",51.463061,-0.301558,2,FALSE,1,"4",TRUE
"Richmond Underground Station","940GZZLURMD","HUBRMD",51.463237,-0.301336,2,FALSE,1,"4",TRUE
"Rickmansworth Underground Station","940GZZLURKW","HUBRIC",51.640207,-0.473703,0,FALSE,0,"7",TRUE
"Roding Valley Underground Station","940GZZLURVY","",51.617199,0.043647,0,FALSE,2,"4",TRUE
"Romford Rail Station","910GROMFORD","",51.574829,0.183237,2,FALSE,0,"6",TRUE
"Rotherhithe Rail Station","910GRTHERHI","",51.500817,-0.052048,0,FALSE,0,"2",FALSE
"Royal Oak Underground Station","940GZZLURYO","",51.519113,-0.188748,0,FALSE,0,"2",TRUE
"Ruislip Gardens Underground Station","940GZZLURSG","",51.560736,-0.41071,0,FALSE,0,"5",FALSE
"Ruislip Manor Underground Station","940GZZLURSM","",51.573202,-0.412973,0,FALSE,0,"6",TRUE
"Ruislip Underground Station","940GZZLURSP","",51.571354,-0.421898,0,FALSE,1,"6",TRUE
"Russell Square Underground Station","940GZZLURSQ","",51.523073,-0.124285,0,FALSE,0,"1",TRUE
"Seven Kings Rail Station","910GSVNKNGS","",51.564026,0.0971,3,FALSE,0,"4",TRUE
"Seven Sisters Rail Station","910GSEVNSIS","HUBSVS",51.582268,-0.07527,0,FALSE,0,"3",TRUE
"Seven Sisters Underground Station","940GZZLUSVS","HUBSVS",51.58333,-0.072584,0,FALSE,0,"3",TRUE
"Shadwell Rail Station","910GSHADWEL","HUBSDE",51.511284,-0.056934,1,FALSE,0,"2",TRUE
"Shenfield Rail Station","910GSHENFLD","",51.630877,0.329851,3,FALSE,0,"Outside",TRUE
"Shepherd's Bush (Central) Underground Station","940GZZLUSBC","HUBSPB",51.504376,-0.218813,2,FALSE,0,"2",TRUE
"Shepherd's Bush Market Underground Station","940GZZLUSBM","",51.505579,-0.226375,0,FALSE,0,"2",TRUE
"Shepherds Bush Rail Station","910GSHPDSB","HUBSPB",51.505285,-0.217654,2,FALSE,0,"2",TRUE
"Shoreditch High Street Rail Station","910GSHRDHST","",51.523375,-0.075246,2,FALSE,0,"1",FALSE
"Silver Street Rail Station","910GSIVRST","",51.614688,-0.06724,0,FALSE,0,"4",TRUE
"Sloane Square Underground Station","940GZZLUSSQ","",51.49227,-0.156377,0,FALSE,0,"1",TRUE
"Slough Rail Station","910GSLOUGH","",51.51188,-0.59151,3,FALSE,0,"Outside",TRUE
"Snaresbrook Underground Station","940GZZLUSNB","",51.580678,0.02144,0,FALSE,0,"4",TRUE
"South Acton Rail Station","910GSACTON","",51.499695,-0.270157,0,FALSE,2,"3",TRUE
"South Ealing Underground Station","940GZZLUSEA","",51.501003,-0.307424,0,FALSE,0,"3",TRUE
"South Hampstead Rail Station","910GSHMPSTD","",51.541432,-0.178878,0,FALSE,0,"2",FALSE
"South Harrow Underground Station","940GZZLUSHH","",51.564888,-0.352492,0,FALSE,0,"5",TRUE
"South Kensington Underground Station","940GZZLUSKS","",51.494094,-0.174138,0,FALSE,1,"1",TRUE
"South Kenton Rail Station","910GSKENTON","HUBSOK",51.570214,-0.308462,0,FALSE,0,"4",TRUE
"South Kenton Underground Station","940GZZLUSKT","HUBSOK",51.570232,-0.308433,0,FALSE,0,"4",TRUE
"South Ruislip Underground Station","940GZZLUSRP","HUBSRU",51.556853,-0.398915,0,FALSE,0,"5",TRUE
"South Tottenham Rail Station","910GSTOTNHM","",51.580372,-0.072103,2,FALSE,0,"3",FALSE
"South Wimbledon Underground Station","940GZZLUSWN","",51.415309,-0.192005,0,FALSE,0,"3|4",TRUE
"South Woodford Underground Station","940GZZLUSWF","",51.591907,0.027338,0,FALSE,2,"4",TRUE
"Southall Rail Station","910GSTHALL","",51.505957,-0.37861,3,FALSE,0,"4",FALSE
"Southbury Rail Station","910GSBURY","",51.648705,-0.052437,0,FALSE,0,"5",TRUE
"Southfields Underground Station","940GZZLUSFS","",51.445073,-0.206602,1,FALSE,0,"3",TRUE
"Southgate Underground Station","940GZZLUSGT","",51.632315,-0.127816,0,FALSE,0,"4",TRUE
"Southwark Underground Station","940GZZLUSWK","",51.50427,-0.105331,2,FALSE,0,"1",TRUE
"St James Street (London) Rail Station","910GSTJMSST","",51.580981,-0.032918,0,FALSE,0,"3",TRUE
"St. James's Park Underground Station","940GZZLUSJP","",51.499544,-0.133608,0,FALSE,0,"1",TRUE
"St. John's Wood Underground Station","940GZZLUSJW","",51.534521,-0.173948,0,FALSE,0,"2",TRUE
"St. Paul's Underground Station","940GZZLUSPU","",51.514936,-0.097567,0,FALSE,0,"1",TRUE
"Stamford Brook Underground Station","940GZZLUSFB","",51.494917,-0.245704,0,FALSE,0,"2",TRUE
"Stamford Hill Rail Station","910GSTMFDHL","",51.574467,-0.076682,0,FALSE,0,"3",TRUE
"Stanmore Underground Station","940GZZLUSTM","",51.619839,-0.303266,0,FALSE,0,"5",TRUE
"Stepney Green Underground Station","940GZZLUSGN","",51.521858,-0.046596,0,FALSE,0,"2",TRUE
"Stockwell Underground Station","940GZZLUSKW","",51.472184,-0.122644,0,FALSE,0,"2",TRUE
"Stoke Newington Rail Station","910GSTKNWNG","",51.565233,-0.072887,0,FALSE,0,"2",TRUE
"Stonebridge Park Rail Station","910GSTNBGPK","HUBSBP",51.544111,-0.275828,0,FALSE,0,"3",TRUE
"Stonebridge Park Underground Station","940GZZLUSGP","HUBSBP",51.543959,-0.275892,0,FALSE,0,"3",TRUE
"Stratford (London) Rail Station","910GSTFD","HUBSRA",51.541895,-0.003397,17,FALSE,0,"2|3",TRUE
"Stratford Underground Station","940GZZLUSTD","HUBSRA",51.541806,-0.003458,17,FALSE,0,"2|3",TRUE
"Sudbury Hill Underground Station","940GZZLUSUH","",51.556946,-0.336435,2,FALSE,0,"4",TRUE
"Sudbury Town Underground Station","940GZZLUSUT","",51.550815,-0.315745,0,FALSE,2,"4",TRUE
"Surrey Quays Rail Station","910GSURREYQ","",51.493196,-0.047519,0,FALSE,0,"2",FALSE
"Swiss Cottage Underground Station","940GZZLUSWC","",51.543681,-0.174894,0,FALSE,0,"2",TRUE
"Sydenham Rail Station","910GSYDENHM","HUBSYD",51.427248,-0.054244,0,FALSE,2,"3",FALSE
"Taplow Rail Station","910GTAPLOW","",51.523562,-0.68137,3,FALSE,0,"Outside",FALSE
"Temple Underground Station","940GZZLUTMP","",51.511006,-0.11426,0,FALSE,0,"1",TRUE
"Theobalds Grove Rail Station","910GTHBLDSG","",51.692457,-0.034831,0,FALSE,0,"7",TRUE
"Theydon Bois Underground Station","940GZZLUTHB","",51.671759,0.103085,0,FALSE,0,"6",TRUE
"Tooting Bec Underground Station","940GZZLUTBC","",51.435678,-0.159736,0,FALSE,0,"3",TRUE
"Tooting Broadway Underground Station","940GZZLUTBY","",51.42763,-0.168374,0,FALSE,0,"3",TRUE
"Tottenham Court Road","910GTOTCTRD","HUBTCR",51.515974,-0.130241,9,FALSE,0,"1",FALSE
"Tottenham Court Road Underground Station","940GZZLUTCR","HUBTCR",51.516426,-0.13041,9,FALSE,0,"1",FALSE
"Tottenham Hale Underground Station","940GZZLUTMH","HUBTOM",51.588108,-0.060241,1,FALSE,0,"3",TRUE
"Totteridge & Whetstone Underground Station","940GZZLUTAW","",51.630597,-0.17921,0,FALSE,0,"4",TRUE
"Tower Hill Underground Station","940GZZLUTWH","",51.509971,-0.076546,2,FALSE,2,"1",TRUE
"Tufnell Park Underground Station","940GZZLUTFP","",51.556822,-0.138433,0,FALSE,0,"2",TRUE
"Turkey Street Rail Station","910GTURKYST","",51.672628,-0.047217,0,FALSE,0,"6",TRUE
"Turnham Green Underground Station","940GZZLUTNG","",51.495148,-0.254555,0,FALSE,0,"2|3",TRUE
"Turnpike Lane Underground Station","940GZZLUTPN","",51.590272,-0.102953,0,FALSE,0,"3",TRUE
"Twyford Rail Station","910GTWYFORD","",51.475534,-0.863293,3,FALSE,0,"Outside",TRUE
"Upminster Bridge Underground Station","940GZZLUUPB","",51.55856,0.235809,0,FALSE,0,"6",TRUE
"Upminster Rail Station","910GUPMNSTR","HUBUPM",51.559018,0.25088,3,FALSE,0,"6",TRUE
"Upminster Underground Station","940GZZLUUPM","HUBUPM",51.559063,0.250882,3,FALSE,0,"6",TRUE
"Upney Underground Station","940GZZLUUPY","",51.538372,0.10153,0,FALSE,0,"4",TRUE
"Upper Holloway Rail Station","910GUPRHLWY","",51.563631,-0.129513,0,FALSE,2,"2",FALSE
"Upton Park Underground Station","940GZZLUUPK","",51.53534,0.035263,0,FALSE,0,"3",TRUE
"Uxbridge Underground Station","940GZZLUUXB","",51.546565,-0.477949,0,FALSE,2,"6",TRUE
"Vauxhall Underground Station","940GZZLUVXL","HUBVXH",51.485743,-0.124204,2,FALSE,0,"1|2",TRUE
"Victoria Underground Station","940GZZLUVIC","HUBVIC",51.496359,-0.143102,6,FALSE,1,"1",TRUE
"Walthamstow Central Rail Station","910GWLTWCEN","HUBWHC",51.582919,-0.019815,0,FALSE,2,"3",TRUE
"Walthamstow Central Underground Station","940GZZLUWWL","HUBWHC",51.582965,-0.019885,0,FALSE,2,"3",TRUE
"Walthamstow Queens Road Rail Station","910GWLTHQRD","",51.581503,-0.023846,0,FALSE,0,"3",FALSE
"Wandsworth Road Rail Station","910GWNDSWRD","",51.470216,-0.13852,0,FALSE,0,"2",FALSE
"Wanstead Park Rail Station","910GWNSTDPK","",51.551693,0.026213,0,FALSE,0,"3",FALSE
"Wanstead Underground Station","940GZZLUWSD","",51.575501,0.028527,0,FALSE,0,"4",TRUE
"Wapping Rail Station","910GWAPPING","",51.504388,-0.055931,0,FALSE,0,"2",FALSE
"Warren Street Underground Station","940GZZLUWRR","",51.524951,-0.138321,0,FALSE,0,"1",TRUE
"Warwick Avenue Underground Station","940GZZLUWKA","",51.523263,-0.183783,0,FALSE,0,"2",TRUE
"Waterloo Underground Station","940GZZLUWLO","HUBWAT",51.503299,-0.11478,4,FALSE,0,"1",TRUE
"Watford High Street Rail Station","910GWATFDHS","",51.652655,-0.391711,0,FALSE,0,"8",TRUE
"Watford Junction Rail Station","910GWATFDJ","HUBWFJ",51.663908,-0.395925,1,FALSE,0,"Outside",FALSE
"Watford Junction Rail Station","910GWATFJDC","HUBWFJ",51.663529,-0.396517,1,FALSE,0,"Outside",FALSE
"Watford Underground Station","940GZZLUWAF","",51.657446,-0.417377,0,FALSE,0,"7",FALSE
"Wembley Central Rail Station","910GWMBY","HUBWMB",51.552325,-0.296433,4,FALSE,2,"4",TRUE
"Wembley Central Underground Station","940GZZLUWYC","HUBWMB",51.552304,-0.296852,4,FALSE,2,"4",TRUE
"Wembley Park Underground Station","940GZZLUWYP","",51.563198,-0.279262,5,FALSE,0,"4",TRUE
"West Acton Underground Station","940GZZLUWTA","",51.518001,-0.28098,0,FALSE,0,"3",TRUE
"West Brompton Rail Station","910GWBRMPTN","HUBWBP",51.487061,-0.195593,2,FALSE,0,"2",TRUE
"West Brompton Underground Station","940GZZLUWBN","HUBWBP",51.487268,-0.195599,2,FALSE,0,"2",TRUE
"West Croydon Rail Station","910GWCROYDN","HUBWCY",51.378428,-0.102585,0,FALSE,0,"5|Trams fare zone",FALSE
"West Drayton Rail Station","910GWDRYTON","",51.510055,-0.472234,5,FALSE,0,"6",FALSE
"West Ealing Rail Station","910GWEALING","",51.513506,-0.320133,2,FALSE,0,"3",FALSE
"West Finchley Underground Station","940GZZLUWFN","",51.609426,-0.188362,0,FALSE,2,"4",TRUE
"West Ham Underground Station","940GZZLUWHM","HUBWEH",51.528136,0.005055,5,FALSE,1,"2|3",TRUE
"West Hampstead Rail Station","910GWHMDSTD","HUBWHD",51.547468,-0.191185,2,FALSE,0,"2",TRUE
"West Hampstead Underground Station","940GZZLUWHP","HUBWHD",51.546638,-0.191059,0,FALSE,0,"2",TRUE
"West Harrow Underground Station","940GZZLUWHW","",51.57971,-0.3534,0,FALSE,0,"5",TRUE
"West Kensington Underground Station","940GZZLUWKN","",51.490459,-0.206636,0,FALSE,0,"2",TRUE
"West Ruislip Underground Station","940GZZLUWRP","HUBWRU",51.569688,-0.437886,0,FALSE,0,"6",TRUE
"Westbourne Park Underground Station","940GZZLUWSP","",51.52111,-0.201065,0,FALSE,0,"2",TRUE
"Westminster Underground Station","940GZZLUWSM","HUBWSM",51.50132,-0.124861,4,FALSE,1,"1",TRUE
"White City Underground Station","940GZZLUWCY","",51.511959,-0.224297,0,FALSE,0,"2",TRUE
"White Hart Lane Rail Station","910GWHHRTLA","",51.605037,-0.070914,2,FALSE,0,"3",TRUE
"Whitechapel","910GWCHAPXR","HUBZWL",51.51943,-0.060191,8,FALSE,0,"2",FALSE
"Whitechapel Rail Station","910GWCHAPEL","HUBZWL",51.519469,-0.059757,8,FALSE,0,"2",FALSE
"Whitechapel Underground Station","940GZZLUWPL","HUBZWL",51.519518,-0.059971,8,FALSE,0,"2",FALSE
"Willesden Green Underground Station","940GZZLUWIG","",51.549146,-0.221537,0,FALSE,0,"2|3",TRUE
"Willesden Junction Rail Station","910GWLSDJHL","HUBWIJ",51.532497,-0.244548,2,FALSE,1,"2|3",TRUE
"Willesden Junction Underground Station","940GZZLUWJN","HUBWIJ",51.532259,-0.244283,2,FALSE,1,"2|3",TRUE
"Wimbledon Park Underground Station","940GZZLUWIP","",51.434573,-0.199719,1,FALSE,0,"3",TRUE
"Wimbledon Underground Station","940GZZLUWIM","HUBWIM",51.421207,-0.206573,2,FALSE,0,"3|Trams fare zone",TRUE
"Wood Green Underground Station","940GZZLUWOG","",51.597479,-0.109886,0,FALSE,0,"3",TRUE
"Wood Lane Underground Station","940GZZLUWLA","",51.509669,-0.22453,4,FALSE,2,"2",TRUE
"Wood Street Rail Station","910GWDST","",51.58658,-0.002405,0,FALSE,0,"4",TRUE
"Woodford Underground Station","940GZZLUWOF","",51.606899,0.03397,0,FALSE,2,"4",TRUE
"Woodgrange Park Rail Station","910GWDGRNPK","",51.549264,0.044423,0,FALSE,0,"3|4",TRUE
"Woodside Park Underground Station","940GZZLUWOP","",51.618014,-0.18542,0,FALSE,2,"4",TRUE
"Woolwich","910GWOLWXR","",51.49119,0.07072,1,FALSE,0,"4",TRUE
